name,selling_price,year,seller_type,owner,km_driven,ex_showroom_price
Royal Enfield Classic 350,175000,2019,Individual,1st owner,350,
Honda Dio,45000,2017,Individual,1st owner,5650,
Royal Enfield Classic Gunmetal Grey,150000,2018,Individual,1st owner,12000,148114
Yamaha Fazer FI V 2.0 [2016-2018],65000,2015,Individual,1st owner,23000,89643
Yamaha SZ [2013-2014],20000,2011,Individual,2nd owner,21000,
Honda CB Twister,18000,2010,Individual,1st owner,60000,53857
Honda CB Hornet 160R,78500,2018,Individual,1st owner,17000,87719
Royal Enfield Bullet 350 [2007-2011],180000,2008,Individual,2nd owner,39000,
Hero Honda CBZ extreme,30000,2010,Individual,1st owner,32000,
Bajaj Discover 125,50000,2016,Individual,1st owner,42000,60122
Yamaha FZ16,35000,2015,Individual,1st owner,32000,78712
Honda Navi,28000,2016,Individual,2nd owner,10000,47255
Bajaj Avenger Street 220,80000,2018,Individual,1st owner,21178,95955
Yamaha YZF R3,365000,2019,Individual,1st owner,1127,351680
Jawa 42,185000,2020,Individual,1st owner,1700,
Suzuki Access 125 [2007-2016],25000,2012,Individual,1st owner,55000,58314
Hero Honda Glamour,25000,2006,Individual,1st owner,27000,
Yamaha YZF R15 S,40000,2010,Individual,2nd owner,45000,117926
Royal Enfield Classic Gunmetal Grey,150000,2018,Individual,1st owner,23000,148114
Yamaha FZ25,120000,2018,Individual,1st owner,39000,132680
Hero Passion Pro 110,15000,2008,Individual,1st owner,60000,
Honda Navi [2016-2017],26000,2016,Individual,1st owner,17450,44389
Honda Activa i,32000,2013,Individual,2nd owner,20696,53900
Jawa Standard,180000,2019,Individual,1st owner,2000,
Royal Enfield Thunderbird 350,110000,2016,Individual,1st owner,20000,
Honda Dream Yuga,25000,2012,Individual,1st owner,35000,56147
TVS Apache RTR 160 4V,80000,2018,Individual,1st owner,15210,
Honda Navi [2016-2017],42000,2017,Individual,1st owner,24000,44389
Yamaha Fazer [2009-2016],40000,2013,Individual,3rd owner,35000,84751
Hero Honda Splendor NXG,21000,2009,Individual,1st owner,10000,
Hero Glamour 125,55000,2017,Individual,1st owner,2500,61600
Yamaha FZ S [2012-2016],38000,2013,Individual,1st owner,75000,79432
Hero Xtreme Sports,43000,2016,Individual,2nd owner,50000,78350
Honda X-Blade,65000,2018,Individual,1st owner,27000,
Honda CB Shine SP,62000,2019,Individual,1st owner,10000,71049
Honda Activa 5G,60000,2018,Individual,1st owner,6502,57557
Hero Glamour 125,45000,2018,Individual,1st owner,21000,61600
Honda CBR-250R,120000,2016,Individual,1st owner,16000,202310
Hero Honda Passion PRO [2012],30000,2011,Individual,1st owner,42000,
Royal Enfield Thunderbird 350,90000,2015,Individual,3rd owner,13000,
Bajaj Dominar 400,125000,2017,Individual,1st owner,12800,
Hero Glamour FI,50000,2018,Individual,1st owner,20000,71150
KTM 390 Duke,175000,2017,Individual,1st owner,4600,
Hero Passion XPro,28000,2012,Individual,1st owner,81000,56750
Yamaha FZ S V 2.0,85000,2018,Individual,1st owner,8000,84042
Hero Achiever 150,29900,2016,Individual,1st owner,55000,69750
Bajaj Discover 125,25000,2011,Individual,1st owner,57000,60122
Yamaha FZ16,30000,2009,Individual,2nd owner,26000,78712
Yamaha Saluto,60000,2018,Individual,1st owner,13000,59844
Yamaha FZ16,35000,2012,Individual,2nd owner,29000,78712
Bajaj Discover 100,25000,2010,Individual,1st owner,43000,42859
Honda CB Trigger,30000,2015,Individual,1st owner,40000,73413
Royal Enfield Electra 5 S,90000,2010,Individual,2nd owner,40000,
Hero Splendor PRO,35000,2015,Individual,2nd owner,24000,49900
Honda Activa 5G,70000,2019,Individual,1st owner,3000,59422
Hero Honda Passion Plus,25000,2006,Individual,1st owner,75000,
Bajaj Pulsar 150,25000,2010,Individual,1st owner,42000,
Royal Enfield Bullet 350,90000,2014,Individual,1st owner,13000,
Bajaj Discover 125,25000,2013,Individual,1st owner,55000,57549
Bajaj Pulsar 150 [2001-2011],42000,2011,Individual,1st owner,23000,
Hero Splendor PRO,35000,2015,Individual,2nd owner,24000,51994
Hero Xtreme Sports,50000,2014,Individual,1st owner,80000,80350
Honda Activa 3G,30000,2015,Individual,1st owner,39000,54605
Yamaha FZ16,48000,2016,Individual,1st owner,20000,78712
Honda CB Hornet 160R,65000,2016,Individual,1st owner,30000,88161
Royal Enfield Thunderbird 350,85000,2013,Individual,1st owner,21000,
Hero Hunk,45000,2014,Individual,1st owner,41000,78513
Suzuki Let''s,34000,2014,Individual,1st owner,8000,50098
Royal Enfield Electra 4 S,90000,2008,Individual,1st owner,50000,
TVS Scooty Pep Plus,35000,2012,Individual,1st owner,8150,
Mahindra Mojo XT300,165000,2017,Individual,1st owner,1933,195500
TVS Apache RTR 160,35000,2013,Individual,1st owner,55750,
Bajaj Pulsar AS200,65000,2015,Individual,1st owner,15856,92074
Bajaj Pulsar 150,29500,2013,Individual,1st owner,27000,
Royal Enfield Thunderbird 350X,165000,2019,Individual,1st owner,3700,164004
Suzuki Intruder 150,95000,2018,Individual,1st owner,21938,
Hero Honda Karizma ZMR [2010],50000,2010,Individual,1st owner,48000,
Honda Dio,7500,2009,Individual,2nd owner,16000,
Bajaj Xcd,25000,2008,Individual,1st owner,54000,
Hero Splendor Plus,35000,2014,Individual,2nd owner,35000,
Royal Enfield Thunderbird 350X,160000,2018,Individual,1st owner,15000,
Honda CB Unicorn 150,50000,2014,Individual,1st owner,32000,74295
Honda Activa 5G,62000,2019,Individual,1st owner,3500,57557
Honda CB Twister,30000,2013,Individual,1st owner,9000,53857
Hero Splendor PRO,28000,2015,Individual,1st owner,38000,49642
Hero Honda CD Deluxe,25000,2009,Individual,1st owner,50000,
Honda Activa i [2016-2017],30000,2015,Individual,2nd owner,20000,51112
Royal Enfield Classic Gunmetal Grey,140000,2018,Individual,1st owner,22000,148114
TVS Scooty Zest 110,30000,2017,Individual,1st owner,9432,53751
Hero CD Deluxe,25000,2014,Individual,1st owner,70000,
Suzuki Access 125 [2007-2016],22000,2010,Individual,2nd owner,43000,58314
Honda Activa [2000-2015],22989,2012,Individual,1st owner,500000,50267
Honda Activa 125 [2016-2017],42000,2016,Individual,1st owner,30514,61653
Suzuki GS150R,30000,2010,Individual,1st owner,130000,70851
Bajaj Pulsar 220S,55000,2015,Individual,1st owner,45000,
Honda Activa 4G,45000,2018,Individual,1st owner,25000,53079
Yamaha FZ25,150000,2019,Individual,1st owner,2500,133680
Bajaj Pulsar 150,42000,2015,Individual,1st owner,22770,
Hero Splendor Plus,30000,2015,Individual,1st owner,30000,
Bajaj Discover 100,24999,2012,Individual,2nd owner,35000,42859
Royal Enfield Thunderbird 350X,160000,2019,Individual,1st owner,6330,
Royal Enfield Classic 350,175000,2020,Individual,1st owner,500,
Bajaj Pulsar 150,40000,2013,Individual,1st owner,43400,
Bajaj Pulsar NS160,85000,2018,Individual,1st owner,7004,
Royal Enfield Classic Desert Storm,150000,2017,Individual,1st owner,16500,181445
Suzuki Gixxer SF,80000,2018,Individual,1st owner,12500,
TVS Apache RTR 200 4V,95000,2018,Individual,1st owner,9600,
Bajaj V15,42000,2016,Individual,1st owner,35000,65626
TVS XL 100 Heavy Duty,40000,2019,Individual,1st owner,11000,
Yamaha FZ S V 2.0,50000,2015,Individual,1st owner,20000,84042
Hero HF Deluxe,40000,2018,Individual,1st owner,13000,
Aprilia SR 125,75000,2019,Individual,1st owner,3500,
Yamaha FZ25,120000,2017,Individual,1st owner,9000,132680
Hero Honda Glamour,30000,2008,Individual,1st owner,7500,
Bajaj Discover 125 ST,17500,2013,Individual,1st owner,38000,58438
Hero Honda Passion Plus,7500,2004,Individual,1st owner,120000,
Honda Aviator,57000,2018,Individual,1st owner,6465,61118
Vespa SXL 149,80000,2018,Individual,1st owner,18803,
TVS Scooty Pep Plus,18000,2010,Individual,1st owner,20000,
Hero Xtreme [2013-2014],25000,2013,Individual,1st owner,24000,75936
Royal Enfield Thunderbird 350,83900,2014,Individual,2nd owner,22000,
UM Renegade Commando,160000,2018,Individual,1st owner,7000,180525
Royal Enfield Classic Gunmetal Grey,135000,2018,Individual,1st owner,6100,148114
Honda CB Hornet 160R,55000,2017,Individual,1st owner,14000,87543
Honda Shine,50000,2017,Individual,1st owner,23000,
Bajaj Discover 100,20000,2012,Individual,1st owner,85000,42859
Hero Honda CBZ extreme,25000,2010,Individual,1st owner,40000,
Royal Enfield Classic 350,125000,2017,Individual,1st owner,18000,
Honda Activa 5G,55000,2019,Individual,1st owner,10000,57557
Bajaj Avenger Street 150 [2018],50000,2016,Individual,1st owner,40000,80435
Royal Enfield Continental GT 650,299000,2019,Individual,1st owner,1500,
Honda Activa 3G,60000,2015,Individual,1st owner,30000,54605
Honda Activa 3G,40000,2015,Individual,1st owner,3000,54605
Bajaj Pulsar 180,15000,2008,Individual,1st owner,55000,85011
Harley-Davidson Street Bob,750000,2013,Individual,2nd owner,12000,1278000
Hero Honda CBZ extreme,20000,2007,Individual,1st owner,90000,
Royal Enfield Classic Gunmetal Grey,190000,2020,Individual,1st owner,500,155740
KTM 390 Duke ABS [2013-2016],130000,2015,Individual,1st owner,50000,202127
Honda CB Hornet 160R,54786,2016,Individual,1st owner,25000,88161
KTM 200 Duke,72000,2013,Individual,1st owner,36500,
Hero Karizma 2014,35000,2013,Individual,1st owner,26000,86744
Hero Glamour 125,45000,2017,Individual,1st owner,18000,61600
Royal Enfield Classic 350,85000,2013,Individual,1st owner,49000,
Royal Enfield Classic 500,100000,2013,Individual,1st owner,18000,156304
Bajaj Dominar 400,138000,2017,Individual,1st owner,15000,
Royal Enfield Thunderbird 350X,150000,2018,Individual,1st owner,8500,
KTM RC 390,180000,2017,Individual,1st owner,3775,
Royal Enfield Thunderbird 350,100000,2015,Individual,1st owner,14500,
Hero Hunk,20000,2010,Individual,1st owner,35000,78513
KTM 390 Duke,170000,2017,Individual,1st owner,14000,
Suzuki Gixxer [2014-2018],60000,2016,Individual,1st owner,16000,84246
Royal Enfield Bullet 350,123000,2016,Individual,1st owner,7000,
Suzuki Access 125,60000,2017,Individual,1st owner,4000,
TVS Apache RTR 200 4V,100000,2017,Individual,1st owner,45000,
Hero Xtreme Sports,22000,2014,Individual,1st owner,99000,78350
Honda Activa [2000-2015],30000,2014,Individual,1st owner,52000,50267
Bajaj Discover 125,28000,2013,Individual,1st owner,45000,60122
Bajaj Pulsar 150,50000,2007,Individual,1st owner,52000,
Yamaha Saluto RX,40000,2017,Individual,1st owner,27000,49521
Hero HF Deluxe,43000,2018,Individual,1st owner,60000,
Suzuki Access 125,40000,2015,Individual,1st owner,2300,
Royal Enfield Classic Desert Storm,100000,2012,Individual,1st owner,15000,181445
Hero HF Deluxe,30000,2016,Individual,1st owner,50000,
KTM RC 200,130000,2017,Individual,1st owner,27000,
Honda CB Hornet 160R,48000,2016,Individual,2nd owner,25000,88161
Bajaj CT 100,32000,2017,Individual,1st owner,40000,
Hero Honda Pleasure,23000,2010,Individual,1st owner,32000,
Bajaj Pulsar 135 LS,20000,2010,Individual,2nd owner,50000,64589
Royal Enfield Classic 350,125000,2017,Individual,1st owner,36000,
Honda Navi [2016-2017],23000,2016,Individual,1st owner,17450,44389
Bajaj Discover 125,15000,2011,Individual,1st owner,32000,57549
Yamaha SZ RR V 2.0,35000,2015,Individual,1st owner,38000,69983
Bajaj Discover 150,25000,2014,Individual,2nd owner,71000,54299
Bajaj Pulsar 150,80000,2019,Individual,1st owner,8000,
TVS Flame,15000,2010,Individual,1st owner,12000,
Vespa VX 125,45000,2013,Individual,2nd owner,50000,72303
Yamaha SZ X,25000,2012,Individual,2nd owner,30000,65800
Honda CBF Stunner,35000,2013,Individual,1st owner,15888,58757
Bajaj Discover 100 T,25000,2013,Individual,1st owner,26000,47032
Royal Enfield Classic 350,170000,2018,Individual,1st owner,5600,
Honda Activa [2000-2015],25000,2014,Individual,1st owner,41000,50267
Royal Enfield Electra 5 S,60000,2007,Individual,2nd owner,19612,
Bajaj Pulsar 150,41000,2012,Individual,1st owner,17000,
Honda Shine,35000,2012,Individual,1st owner,33700,
Honda CB Unicorn 160,75000,2015,Individual,1st owner,100000,79233
Honda Activa 3G,47999,2016,Individual,1st owner,6000,54605
Honda Shine,36999,2011,Individual,1st owner,21000,
Bajaj Pulsar 180,25000,2007,Individual,1st owner,80000,85011
Suzuki Gixxer SF,60000,2016,Individual,1st owner,15000,
Honda CB Unicorn 150,50000,2007,Individual,1st owner,46000,74295
Yamaha YZF R15 [2011-2018],65000,2013,Individual,1st owner,11000,118997
TVS Sport,12000,2007,Individual,1st owner,72000,
Bajaj Pulsar AS200,60000,2015,Individual,1st owner,50000,92074
Honda Activa [2000-2015],20000,2010,Individual,1st owner,50000,50267
Yamaha FZ16,27000,2011,Individual,1st owner,67000,78712
Bajaj Boxer,10000,2000,Individual,1st owner,30000,
Hero Honda Hunk,56000,2015,Individual,1st owner,48000,
Hero Honda Hunk,58000,2015,Individual,1st owner,48000,
Bajaj Avenger Cruise 220,87000,2018,Individual,1st owner,8000,
Yamaha Ray Z,35000,2015,Individual,1st owner,15500,52949
Bajaj Pulsar 180,35000,2012,Individual,1st owner,45000,85011
Bajaj Discover 150F,40000,2014,Individual,2nd owner,60855,64071
Bajaj Pulsar 135 LS,56000,2017,Individual,3rd owner,37714,64589
Bajaj Pulsar 180,30000,2008,Individual,2nd owner,60000,85011
Honda Activa 125 [2016-2017],40000,2017,Individual,1st owner,26000,61545
Hero HF Deluxe,60000,2019,Individual,1st owner,6000,
Hero Karizma 2014,40000,2013,Individual,1st owner,30000,86744
Bajaj Platina 100,40000,2018,Individual,1st owner,17000,
Royal Enfield Bullet 500,130000,2015,Individual,1st owner,34601,168482
Bajaj Pulsar AS200,45000,2015,Individual,1st owner,48000,92074
Yamaha FZ S [2012-2016],42000,2013,Individual,1st owner,60000,79432
Bajaj Pulsar 220 Fi,25000,2012,Individual,1st owner,44000,
Bajaj Pulsar 150,15000,2006,Individual,1st owner,55000,
Bajaj Dominar 400 [2018],170000,2018,Individual,1st owner,16000,163331
Hero Passion X Pro [2016-2017],38000,2016,Individual,2nd owner,20000,59095
Yamaha FZ S V 2.0,60000,2015,Individual,2nd owner,17500,84042
TVS Apache RTR 160,65000,2017,Individual,1st owner,46000,
Bajaj Avenger [2015],35000,2011,Individual,1st owner,30000,75502
Bajaj Pulsar 150,70000,2019,Individual,1st owner,6500,
Hero Honda Glamour,15000,2006,Individual,1st owner,80000,
Hero Splendor iSmart,50000,2017,Individual,2nd owner,10000,52271
Royal Enfield Classic 350,145000,2017,Individual,1st owner,2200,
Yamaha FZ16,25000,2008,Individual,1st owner,40000,78712
Hero Xtreme Sports,58000,2016,Individual,1st owner,21000,80350
Royal Enfield Bullet 350 [2007-2011],90000,2007,Individual,1st owner,3500,
Hero Honda Passion,9000,2002,Individual,2nd owner,66191,
Bajaj Discover 150S,40000,2014,Individual,1st owner,50000,63331
TVS Scooty Zest 110,28000,2015,Individual,1st owner,32800,52372
Bajaj Avenger Street 150 [2018],50000,2016,Individual,1st owner,32000,80435
Yamaha Cygnus Ray ZR,56000,2019,Individual,1st owner,3900,58630
Honda Activa [2000-2015],35000,2014,Individual,1st owner,10000,50267
TVS Apache RTR 200 4V,95000,2018,Individual,1st owner,9600,
Honda Shine,30000,2010,Individual,1st owner,46782,
Honda CB Hornet 160R,95000,2019,Individual,1st owner,8000,94703
Honda Activa i [2016-2017],40000,2017,Individual,1st owner,11000,53436
Hero Karizma 2014,30000,2014,Individual,2nd owner,51000,86744
Bajaj Discover 100 T,18000,2013,Individual,1st owner,45000,47032
Honda Aviator,14000,2008,Individual,1st owner,66000,59183
Hero Splendor Plus,17000,2010,Individual,2nd owner,50000,
Royal Enfield Thunderbird 350,125000,2017,Individual,1st owner,23500,
Bajaj CT 110,20000,2015,Individual,1st owner,25000,
Hero Passion PRO i3s,50000,2017,Individual,1st owner,41000,56925
KTM RC 390,210000,2017,Individual,1st owner,12000,
Bajaj Pulsar 220F,70000,2018,Individual,1st owner,33000,
Hero Maestro Edge,40000,2017,Individual,1st owner,15000,55980
Bajaj Xcd,10000,2008,Individual,1st owner,50000,
Bajaj Pulsar 150,35000,2010,Individual,1st owner,40000,
TVS Centra,10000,2005,Individual,1st owner,50000,
Honda Activa 3G,42000,2015,Individual,1st owner,20000,54605
Yamaha FZ16,20000,2009,Individual,1st owner,50000,78712
Hero Maestro Edge,25000,2017,Individual,1st owner,55000,52790
Bajaj Discover 125,25000,2016,Individual,1st owner,70350,60122
Royal Enfield Thunderbird 350X,145000,2019,Individual,1st owner,2700,164004
Hero Super Splendor,50000,2016,Individual,1st owner,20000,
TVS Scooty Pep Plus,30000,2011,Individual,1st owner,20000,
Yamaha FZ V 2.0,60000,2014,Individual,1st owner,41311,81508
Hero Honda Splendor Plus,15000,2005,Individual,1st owner,65000,
Hero CD Deluxe,15000,2014,Individual,2nd owner,34000,
Hero Honda Passion PRO [2012],25000,2011,Individual,1st owner,20000,
Hero HF Deluxe i3s,54000,2019,Individual,1st owner,11000,
Bajaj Xcd,25000,2007,Individual,1st owner,75000,
Royal Enfield Interceptor 650,260000,2019,Individual,1st owner,1200,
Honda CBR-250R,100000,2014,Individual,1st owner,19000,199275
Bajaj Kristal,15000,2007,Individual,1st owner,30000,
Hero Honda Splendor Plus,20000,2006,Individual,1st owner,23000,
Honda Dream Yuga,35000,2014,Individual,1st owner,10000,56147
Yamaha FZ S V 2.0,50000,2016,Individual,1st owner,40000,87042
Hero Xpulse 200,90000,2019,Individual,1st owner,8600,107500
Bajaj V15,40000,2016,Individual,1st owner,45000,67187
Bajaj Avenger Street 220,80000,2016,Individual,1st owner,7200,95955
Bajaj Discover 135,20000,2010,Individual,1st owner,31195,
Honda CB Unicorn 150,70000,2017,Individual,1st owner,18000,74295
Vespa SXL 149,98000,2019,Individual,1st owner,1000,
Royal Enfield Machismo,75000,2008,Individual,2nd owner,17000,
Honda CB Shine SP,50000,2016,Individual,1st owner,46000,67214
Honda CB Unicorn 150,40000,2014,Individual,1st owner,77592,74295
Honda CB Unicorn 150,75000,2013,Individual,1st owner,54000,74295
Honda CB Unicorn 150,50000,2013,Individual,1st owner,17000,74295
Bajaj Pulsar 150,60000,2014,Individual,1st owner,60000,
TVS Apache RTR 160,50000,2016,Individual,1st owner,40000,
Honda Dio,35000,2014,Individual,1st owner,25000,
Royal Enfield Thunderbird 350,160000,2018,Individual,1st owner,19000,
Hero Maestro,25000,2015,Individual,2nd owner,40000,49412
Hero Honda CBZ extreme,42000,2010,Individual,1st owner,51000,
Bajaj Dominar 400,200000,2019,Individual,1st owner,7600,
Honda Activa 125,40000,2014,Individual,1st owner,14965,
Royal Enfield Classic Desert Storm,130000,2015,Individual,2nd owner,25000,181445
KTM 250 Duke,195000,2019,Individual,1st owner,6000,
KTM RC 390,270000,2019,Individual,1st owner,2380,
Kawasaki Ninja 650 [2018-2019],425000,2017,Individual,2nd owner,13600,599000
TVS Apache RTR 200 4V,85000,2018,Individual,1st owner,10000,
Kawasaki Ninja 250R,125000,2010,Individual,2nd owner,21000,317934
TVS Wego,45000,2018,Individual,1st owner,10000,54760
Honda CBR-250R,85000,2014,Individual,2nd owner,18600,171646
Bajaj Pulsar NS200,85000,2018,Individual,1st owner,7750,
Suzuki GSX S750,760000,2019,Individual,1st owner,2800,752020
Royal Enfield Thunderbird 350,100000,2015,Individual,1st owner,30000,
Royal Enfield Classic 350,95000,2015,Individual,1st owner,9800,
Honda CB Shine SP,48000,2015,Individual,1st owner,25000,67469
Bajaj Avenger Street 150 [2018],40000,2016,Individual,1st owner,29689,80435
Honda CBF Stunner,37000,2014,Individual,1st owner,43000,58757
Bajaj Avenger [2015],38000,2014,Individual,2nd owner,28243,75502
Suzuki Gixxer [2014-2018],55000,2015,Individual,1st owner,25000,78316
Suzuki Access 125,45000,2017,Individual,1st owner,22300,
TVS Scooty Streak,18000,2009,Individual,2nd owner,33595,44140
Royal Enfield Thunderbird 350X,140000,2018,Individual,1st owner,5505,
Yamaha Rx,70000,2000,Individual,3rd owner,5000,
Hero Honda Splendor Plus,15000,2007,Individual,1st owner,30000,
Bajaj Pulsar 125,65000,2019,Individual,1st owner,16000,
Honda Activa 5G,42000,2018,Individual,1st owner,22000,57557
Yamaha Fazer Dlx,58000,2012,Individual,1st owner,40000,
Harley-Davidson Street 750,330000,2014,Individual,4th owner,6500,534000
Hero Xtreme 2014,35000,2013,Individual,1st owner,15000,72973
Royal Enfield Classic 350,162000,2018,Individual,1st owner,17365,
Hero Honda Hunk,28000,2009,Individual,1st owner,40000,
Royal Enfield Interceptor 650,285000,2019,Individual,1st owner,5500,
Royal Enfield Classic 350,125000,2017,Individual,1st owner,33900,
Bajaj Pulsar 150 [2001-2011],15000,2005,Individual,1st owner,47670,
Honda Activa [2000-2015],29500,2013,Individual,1st owner,45000,50267
TVS Apache RR310,200000,2019,Individual,1st owner,5000,
Jawa Standard,160000,2019,Individual,1st owner,5700,
Hero Honda Splendor PRO,30000,2012,Individual,1st owner,22866,
Yamaha FZ25,110000,2019,Individual,1st owner,10000,133680
Bajaj Pulsar 220F,70000,2016,Individual,1st owner,31000,
Yamaha Fascino 110,69000,2019,Individual,1st owner,1600,57112
Yamaha FZ16,30000,2011,Individual,1st owner,44000,78712
Yamaha FZ16,30000,2010,Individual,1st owner,70000,78712
TVS Star City Plus,42000,2017,Individual,1st owner,21000,
Royal Enfield Classic 350,160000,2018,Individual,1st owner,17365,
Bajaj Pulsar 135 LS,20000,2010,Individual,1st owner,80000,64589
Suzuki Access 125,45000,2017,Individual,1st owner,15000,
Bajaj Pulsar 135 LS,23000,2010,Individual,1st owner,77000,64589
UM Renegade Commando,140000,2017,Individual,2nd owner,40000,180525
Hero Honda Splendor Plus,12000,2005,Individual,1st owner,48000,
Hero Passion PRO i3s,50000,2017,Individual,1st owner,18000,56925
Royal Enfield Classic 350,140000,2018,Individual,1st owner,20000,
Honda Activa 5G,55000,2019,Individual,1st owner,9000,59422
Yamaha Fascino 110,45000,2016,Individual,1st owner,56000,54500
Hero Splendor Plus,25000,2012,Individual,1st owner,50000,
Royal Enfield Thunderbird 350,90000,2014,Individual,1st owner,12000,
Yamaha YZF R15 V3,120000,2018,Individual,1st owner,11500,
KTM RC 200,120000,2015,Individual,1st owner,20000,
TVS Radeon,35000,2017,Individual,1st owner,20000,66492
Hero HF Deluxe,35000,2017,Individual,1st owner,27000,
BMW G310GS,300000,2018,Individual,1st owner,2500,349000
Royal Enfield Thunderbird 350,87000,2012,Individual,1st owner,20477,
Hero Honda Splendor Plus,18000,2010,Individual,1st owner,35700,
Yamaha FZ S V 2.0,50000,2014,Individual,1st owner,70000,84042
Bajaj Avenger Street 220,60000,2016,Individual,1st owner,29000,95955
Hero Honda Splendor Plus,15000,2004,Individual,1st owner,14500,
Bajaj Platina 100,30000,2018,Individual,1st owner,37000,
Royal Enfield Thunderbird 350X,160000,2018,Individual,1st owner,3246,
Honda CB Unicorn 150,50000,2016,Individual,1st owner,27000,74295
Suzuki Gixxer [2014-2018],62000,2017,Individual,1st owner,15000,78316
Bajaj Platina 100,45000,2019,Individual,1st owner,15000,
Royal Enfield Thunderbird 350,120000,2017,Individual,1st owner,4050,
Royal Enfield Thunderbird 500,125000,2014,Individual,1st owner,25000,190874
Bajaj Pulsar AS150,50000,2015,Individual,1st owner,5000,80821
Bajaj Pulsar 150,30000,2012,Individual,2nd owner,5000,
Hero Pleasure,40000,2014,Individual,1st owner,14000,51600
Honda Aviator,41000,2013,Individual,1st owner,36500,63537
Royal Enfield Thunderbird 350,120000,2017,Individual,2nd owner,9000,
Hero Ignitor,35000,2014,Individual,1st owner,33200,67722
Hero Honda CD100SS,10000,1997,Individual,1st owner,646000,
TVS Apache RTR 160,35000,2011,Individual,1st owner,25000,
Hero Achiever 150,38000,2017,Individual,1st owner,26000,69750
Vespa LX 125,50000,2015,Individual,1st owner,3909,77900
Honda Activa 3G,40000,2015,Individual,1st owner,7672,54605
Hero Splendor Plus i3s,70000,2019,Individual,1st owner,3000,55600
Royal Enfield Classic 350,140000,2016,Individual,1st owner,3654,
Hero Maestro,26500,2016,Individual,2nd owner,40000,53830
Hero Glamour 125,38000,2016,Dealer,1st owner,5500,61600
Yamaha FZ16,60000,2016,Individual,1st owner,29950,78712
Royal Enfield Himalayan,145000,2017,Individual,1st owner,14000,
Yamaha FZ S V 2.0,78000,2017,Individual,1st owner,26100,84480
Hero Maestro Edge,58000,2018,Individual,1st owner,6000,54580
Yamaha FZ25,130000,2017,Individual,1st owner,4000,132680
TVS Victor,20000,2001,Individual,1st owner,50000,54852
Bajaj Dominar 400 [2018],150000,2018,Individual,1st owner,5475,163331
Bajaj Pulsar 180,32000,2012,Individual,1st owner,40000,85011
Bajaj Pulsar 180,50000,2017,Individual,1st owner,20500,85011
KTM 200 Duke,120000,2017,Individual,1st owner,4100,
Bajaj Avenger Street 150 [2018],60000,2016,Individual,2nd owner,23097,80435
Bajaj Discover 100 M,20000,2011,Individual,1st owner,37734,44756
Royal Enfield Bullet 350 [2007-2011],65000,2011,Individual,2nd owner,65000,
Yamaha YZF R15 S,70000,2016,Individual,1st owner,8000,117926
Yamaha FZ V 2.0,35000,2014,Individual,1st owner,13500,81508
Bajaj Avenger Street 220,95000,2018,Individual,1st owner,23000,95955
Bajaj Pulsar 150,8000,2005,Individual,1st owner,58000,
Royal Enfield Thunderbird 350,85000,2010,Individual,1st owner,15000,
Hero Achiever 150,65000,2016,Individual,1st owner,29000,69750
Hero Passion Pro 110,39000,2013,Individual,1st owner,20000,
Hero Duet,45000,2017,Individual,1st owner,35000,50280
Bajaj Avenger Street 150 [2018],60000,2016,Individual,1st owner,45137,80435
Royal Enfield Classic Stealth Black,160000,2018,Individual,1st owner,7500,204977
Bajaj Pulsar 150,35000,2011,Individual,1st owner,35600,
Bajaj Pulsar 135 LS,40000,2018,Individual,1st owner,15000,64589
Yamaha Fazer [2009-2016],40000,2012,Individual,1st owner,7353,84751
Honda CB Hornet 160R,56000,2017,Individual,2nd owner,13200,87543
Honda CB Unicorn Dazzler,22000,2011,Individual,1st owner,38350,71757
Yamaha YBR 125,36000,2014,Individual,1st owner,20400,54593
Suzuki Intruder 150 Fi,100000,2018,Individual,1st owner,14500,110240
Bajaj V15,42000,2016,Individual,1st owner,19500,67187
Royal Enfield Electra 5 S,85000,2008,Individual,1st owner,20000,
Hero Passion PRO TR,45000,2014,Individual,1st owner,36000,54586
Yamaha FZ25,145000,2019,Individual,1st owner,4500,133680
Hero Karizma [2003-2014],50000,2013,Individual,1st owner,38000,85766
Royal Enfield Interceptor 650,270000,2019,Individual,1st owner,9000,
Royal Enfield Thunderbird 350,60000,2006,Individual,1st owner,40000,
Royal Enfield Classic Squadron Blue,140000,2017,Individual,1st owner,25000,181445
Hero Honda Splendor Plus,28000,2008,Individual,1st owner,70889,
KTM 390 Duke ABS [2013-2016],180000,2015,Individual,2nd owner,13125,202127
Bajaj Pulsar 180,42000,2014,Individual,2nd owner,19600,85011
Suzuki Access 125 [2007-2016],16000,2011,Individual,1st owner,40000,58314
Hero Splendor iSmart,40000,2015,Individual,1st owner,19055,52271
Bajaj Pulsar 180,38000,2012,Individual,2nd owner,57000,85011
Yamaha YZF R15 S,85000,2017,Individual,1st owner,13000,117926
Honda Aviator,28000,2013,Individual,1st owner,28087,63537
KTM 200 Duke,135000,2018,Individual,1st owner,24000,
Royal Enfield Thunderbird 350,120000,2016,Individual,1st owner,24600,
Hero Karizma ZMR,37000,2010,Individual,1st owner,27500,108000
Royal Enfield Classic Chrome,135000,2015,Individual,1st owner,45000,189313
Hero Honda Splendor,10000,2000,Individual,1st owner,61000,
Mahindra Rodeo,20000,2013,Individual,1st owner,7000,47343
TVS Apache RTR 160,83299,2019,Individual,1st owner,6400,
Yamaha Fazer FI V 2.0 [2016-2018],65000,2018,Individual,1st owner,3500,89643
Honda Activa 5G,50000,2018,Individual,1st owner,14000,59422
Bajaj Pulsar 220 Fi,65000,2013,Individual,1st owner,6409,
Hero Honda Karizma ZMR [2010],45000,2012,Individual,3rd owner,44000,
Honda CB Hornet 160R,60000,2017,Individual,1st owner,16500,92210
Royal Enfield Bullet 350,110000,2015,Individual,1st owner,36000,
Hero Honda CD Deluxe,14700,2005,Individual,2nd owner,30000,
Yamaha Saluto,38000,2015,Individual,1st owner,15000,63180
Suzuki Access 125,70000,2018,Individual,1st owner,14500,
TVS Sport,35000,2018,Individual,1st owner,26600,
Hero Honda Glamour,19000,2012,Individual,1st owner,32000,
KTM 125 Duke,130000,2019,Individual,1st owner,3500,
Bajaj Pulsar NS200,50000,2013,Dealer,1st owner,58203,
Bajaj Pulsar 150 [2001-2011],18000,2005,Individual,1st owner,21885,
Hero Xtreme 200R,87000,2019,Individual,1st owner,3200,93400
Hero Honda Splendor Plus,40000,2007,Individual,1st owner,40000,
Bajaj Discover 150S,35000,2015,Individual,1st owner,28000,63331
Honda CBR-250R,100000,2011,Individual,2nd owner,3500,171646
Hero Pleasure,30000,2013,Individual,1st owner,24000,51600
Bajaj Avenger Cruise 220,95000,2018,Individual,1st owner,1800,
Bajaj Discover 125 ST,25000,2012,Individual,1st owner,76000,58438
Bajaj Pulsar 150 [2001-2011],26500,2010,Individual,1st owner,52500,
Bajaj Boxer,12000,2008,Individual,1st owner,17500,
Bajaj Pulsar 150,20000,2006,Individual,1st owner,41000,
Royal Enfield Classic Signals,195000,2018,Individual,1st owner,2845,164095
Bajaj Pulsar 180,14900,2007,Individual,1st owner,50000,85011
Honda Dream Yuga,48000,2018,Individual,1st owner,7110,56147
Yamaha FZ S [2012-2016],40000,2014,Individual,1st owner,27785,79432
Honda CB Unicorn,45000,2010,Individual,1st owner,75000,71681
Honda Shine,25000,2010,Individual,1st owner,20000,
Honda Activa 3G,25000,2011,Individual,1st owner,20000,54605
Honda Activa [2000-2015],10000,2009,Individual,1st owner,60000,50267
Mahindra Flyte,22000,2009,Individual,3rd owner,20000,44493
Honda Activa 3G,45000,2015,Individual,1st owner,18000,54605
KTM 250 Duke,135000,2017,Individual,1st owner,16500,
Yamaha Ray Z,75000,2017,Individual,1st owner,15000,52949
Bajaj Pulsar 135 LS,24000,2010,Individual,1st owner,45000,64589
Yamaha FZ16,45000,2016,Individual,1st owner,37000,78712
Hero Passion PRO i3s,55000,2017,Individual,1st owner,14600,54475
Bajaj Discover 125,10000,2006,Individual,1st owner,51000,57549
Royal Enfield Classic 350,135000,2017,Individual,1st owner,15000,
Honda CB Unicorn 150,55000,2017,Individual,1st owner,12000,74295
Bajaj Avenger [2015],35000,2012,Individual,1st owner,15000,75502
Bajaj Super,20000,1988,Individual,1st owner,21000,
Bajaj Pulsar 150,26000,2012,Individual,2nd owner,65000,
Honda Activa [2000-2015],23000,2009,Individual,1st owner,95000,50267
Royal Enfield Classic Desert Storm,150000,2015,Individual,1st owner,23000,181445
Hero Honda CD Deluxe,24700,2012,Individual,2nd owner,40000,
Hero Duet,35000,2016,Individual,2nd owner,49637,54080
Hero Honda Passion PRO [2012],12000,2012,Individual,1st owner,90000,
Royal Enfield Classic 350,150000,2017,Individual,1st owner,7000,
Honda Activa 3G,50000,2016,Individual,1st owner,5326,54605
Honda Activa [2000-2015],25000,2009,Individual,1st owner,585659,50267
Hero Honda CD100,15000,1999,Dealer,2nd owner,10000,
Hero Super Splendor,35000,2014,Individual,2nd owner,37541,
Honda CB Trigger,45000,2015,Individual,1st owner,36000,83437
Honda Dream Yuga,25000,2013,Individual,1st owner,29000,56147
Hero Honda Passion Plus,40000,2018,Individual,1st owner,29000,
TVS Spectra,17000,2008,Individual,1st owner,50000,
Hero Ignitor,30000,2016,Individual,1st owner,18000,67722
Hero Honda CD100,15000,2000,Individual,1st owner,50000,
Bajaj Pulsar 220F,60000,2017,Individual,2nd owner,40000,
Hero Splendor Plus,30000,2013,Individual,1st owner,20000,
Yamaha YZF R15 [2011-2018],60000,2012,Individual,1st owner,22000,118997
Honda Activa 3G,32000,2015,Individual,1st owner,4500,54605
Bajaj Discover 150,30000,2012,Individual,1st owner,50000,54299
Bajaj Pulsar 150 [2001-2011],55000,2010,Individual,1st owner,42000,
Bajaj Avenger Street 150 [2018],75000,2016,Individual,1st owner,35000,80435
TVS Star City Plus,52000,2017,Individual,1st owner,25000,
Bajaj Discover 125,38000,2018,Individual,1st owner,34000,60122
Bajaj Discover 135,12000,2007,Individual,1st owner,60000,
Honda CB Shine SP,47000,2017,Individual,1st owner,73000,64750
Honda Activa [2000-2015],22000,2014,Individual,1st owner,38000,50267
Bajaj Avenger [2015],65000,2015,Individual,1st owner,26000,75502
Bajaj Platina 100,23000,2013,Individual,2nd owner,24000,
Bajaj Discover 100,30000,2011,Individual,1st owner,45000,42859
Bajaj Pulsar 150,35000,2011,Individual,1st owner,36000,
Bajaj Avenger Street 150 [2018],80000,2017,Individual,1st owner,30000,80435
Bajaj Platina 100,20000,2012,Individual,1st owner,16295,
Bajaj Pulsar 150,16000,2011,Individual,2nd owner,59000,
Bajaj Pulsar 150,20000,2006,Individual,1st owner,9500,
Bajaj Pulsar NS200,50000,2012,Individual,1st owner,46000,
Honda CB Trigger,40000,2015,Individual,1st owner,75000,76572
Bajaj Pulsar 135 LS,20000,2010,Individual,1st owner,80000,64589
Bajaj Pulsar 180,65000,2018,Individual,1st owner,26000,85011
Yamaha YZF R15 S,85000,2016,Individual,1st owner,26000,117926
Hero Splendor Plus,12000,2007,Individual,1st owner,100000,
Hero Xpulse 200T,105000,2019,Individual,1st owner,2900,96500
Yamaha FZ S V 2.0,40000,2015,Individual,1st owner,25000,84042
Bajaj Discover 150,30000,2011,Individual,2nd owner,39500,54299
Honda Activa [2000-2015],25000,2012,Individual,1st owner,40000,50267
Hero Splendor PRO,40000,2016,Individual,1st owner,16000,51994
Honda Dream Neo,45000,2017,Individual,2nd owner,21000,49211
Bajaj CT 100,40000,2018,Individual,1st owner,14000,
Suzuki Access 125,70000,2018,Individual,1st owner,7000,76632
Honda Activa [2000-2015],30000,2012,Individual,1st owner,22000,50267
Hero Honda Pleasure,25000,2009,Individual,1st owner,50000,
Bajaj Platina 100,20000,2012,Individual,1st owner,16295,
Honda CB Hornet 160R,70000,2017,Individual,1st owner,35000,87719
Bajaj V15,50000,2017,Individual,1st owner,9000,65626
Hero Honda CD Deluxe,25000,2010,Individual,1st owner,35000,
Bajaj Pulsar 150,22000,2011,Individual,1st owner,60000,
Honda Activa [2000-2015],35000,2013,Individual,1st owner,29500,50267
TVS Apache RTR 160,40000,2014,Individual,2nd owner,50000,
Bajaj Pulsar 220F,75000,2016,Individual,1st owner,10500,
Hero Honda Passion PRO [2012],28000,2011,Individual,2nd owner,60000,
Hero Maestro Edge,55000,2018,Individual,1st owner,39000,52790
Honda Dio,30000,2014,Individual,1st owner,24000,
Hero Glamour 125,40000,2016,Individual,1st owner,15000,61600
Bajaj Avenger Street 160,85000,2019,Individual,1st owner,3000,
Hero Honda CD Deluxe,12000,2007,Individual,2nd owner,100000,
Yamaha YBR 125,35000,2013,Individual,1st owner,20350,54593
Bajaj Pulsar 150,25000,2015,Individual,2nd owner,50000,
Bajaj Pulsar 150,40000,2012,Individual,2nd owner,37000,
Hero Honda CD Deluxe,15000,2011,Individual,1st owner,70000,
Hero Passion PRO i3s,55000,2018,Individual,1st owner,15000,54475
Bajaj Pulsar 180,60000,2015,Individual,1st owner,28563,85011
Yamaha Fazer 25,115000,2018,Individual,1st owner,11000,142680
TVS Excel,5000,1998,Individual,1st owner,60000,
Honda Shine,40000,2015,Individual,1st owner,21121,
Honda Dream Neo,50000,2014,Individual,1st owner,25000,49211
Honda Dio,28000,2014,Individual,1st owner,13000,
Hero Splendor Plus,35000,2013,Individual,1st owner,55000,
Bajaj Xcd,25000,2007,Individual,2nd owner,100000,
TVS Streak,20000,2009,Individual,2nd owner,36000,
Bajaj Pulsar 180,40000,2013,Individual,1st owner,34000,85011
Hero Xtreme 200R,86000,2018,Individual,1st owner,12000,93400
Yamaha YZF R15 [2011-2018],65000,2011,Individual,1st owner,29000,
Bajaj Avenger Street 150 [2018],60000,2017,Individual,1st owner,30000,80435
Yamaha RX135,65000,1998,Individual,3rd owner,16500,
Honda CB Shine SP,41000,2017,Individual,1st owner,33000,66697
Honda CBR150 R,110000,2017,Individual,1st owner,11800,129662
Honda Dream Yuga,32000,2017,Individual,1st owner,39000,56147
Honda Shine,37000,2014,Individual,1st owner,16145,
Hero Splendor Plus i3s,65000,2019,Individual,1st owner,1000,55600
Hero Honda Passion Plus,18000,2007,Individual,2nd owner,50000,
Hero Honda Passion PRO [2012],28700,2012,Individual,2nd owner,49876,
Honda Activa 3G,35000,2016,Individual,1st owner,51000,54605
Bajaj Pulsar 180F,100000,2019,Individual,1st owner,1300,
Hero Honda Glamour,21000,2010,Individual,1st owner,11000,
Bajaj Pulsar 150 [2001-2011],30000,2010,Individual,2nd owner,55000,
TVS Apache RTR 200 4V,90000,2019,Individual,1st owner,20000,
Bajaj Super,6000,1991,Individual,1st owner,35000,
Hero Honda Passion Plus,23500,2010,Individual,1st owner,60000,
Bajaj Pulsar 150,55000,2015,Individual,2nd owner,40000,
Yamaha SZ X,35000,2010,Individual,1st owner,46000,65800
Hero Honda CD100,15000,1998,Individual,1st owner,65000,
Bajaj Pulsar 180,35000,2009,Individual,1st owner,19000,85011
Bajaj Pulsar 220 DTS-i,40000,2011,Individual,1st owner,26000,
Hero Honda Achiever,15000,2009,Individual,1st owner,86000,
Hero Honda Karizma,40000,2011,Individual,2nd owner,340000,
Honda CB Unicorn 160,75000,2016,Individual,1st owner,40000,77545
Bajaj Avenger Cruise 220,70000,2016,Individual,1st owner,10000,
Bajaj Discover 135,22000,2007,Individual,1st owner,25000,
Yamaha FZ S V 2.0,80000,2019,Individual,1st owner,10000,87042
Bajaj Pulsar 150,72000,2017,Individual,1st owner,24000,
Hero HF Deluxe,30000,2014,Individual,2nd owner,35000,
Bajaj Pulsar 135 LS,25000,2011,Individual,2nd owner,30000,64589
Aprilia SR 125,65000,2018,Individual,1st owner,6500,
Bajaj Pulsar 150,68000,2019,Individual,1st owner,10000,
Hero Duet,27000,2016,Individual,1st owner,28000,50280
Honda CB Twister,25000,2015,Individual,1st owner,35000,57241
Bajaj Discover 125,45000,2016,Individual,1st owner,20000,60122
Honda CBR-250R,200000,2019,Individual,1st owner,5500,202310
Bajaj Pulsar 180,20100,2008,Individual,1st owner,36000,85011
Honda Shine,30000,2014,Individual,1st owner,25000,
Suzuki Swish [2012-2015],30000,2014,Individual,1st owner,30000,51685
TVS Star City,21000,2011,Individual,1st owner,101000,47108
Hero Super Splendor,45000,2012,Individual,1st owner,21000,
Yamaha Fazer [2009-2016],45000,2014,Individual,1st owner,57700,84751
TVS Scooty Pep DLX,14500,2012,Individual,1st owner,44000,
Honda Dream Yuga,47000,2019,Individual,1st owner,8800,56147
TVS Star City Plus,26000,2014,Individual,2nd owner,68000,
Yamaha Fazer [2009-2016],25000,2013,Individual,1st owner,120000,84751
Hero Honda Street Smart,10000,2000,Individual,1st owner,24000,
TVS Apache RTR 160,50000,2017,Individual,1st owner,38000,
Honda Dio,23000,2010,Individual,1st owner,40000,
Honda Activa [2000-2015],50000,2014,Individual,1st owner,48000,50267
Hero Maestro Edge,46000,2015,Individual,1st owner,14000,55980
Honda CB Hornet 160R,80000,2017,Individual,1st owner,18000,87719
Hero Karizma [2003-2014],50000,2013,Individual,1st owner,38000,85766
Honda CB Trigger,40000,2014,Individual,1st owner,75000,83437
Honda CB Hornet 160R,70000,2017,Individual,1st owner,35000,87719
Hero Glamour FI,30900,2014,Individual,1st owner,25000,71150
Bajaj Avenger [2015],65000,2010,Individual,1st owner,20000,75502
Hero Honda Splendor Plus,15000,2006,Individual,1st owner,100000,
TVS Apache RTR 160,89999,2019,Individual,1st owner,6400,
Hero Honda Splendor Plus,17600,2006,Individual,1st owner,52000,
Bajaj Platina 100,17000,2007,Individual,1st owner,16000,
Yamaha FZ25,90000,2018,Individual,1st owner,8200,132680
Bajaj Pulsar 150 [2001-2011],35000,2010,Individual,1st owner,60000,
Yamaha YZF R15 S,70000,2017,Individual,1st owner,16000,117926
Bajaj Discover 125,15000,2011,Individual,1st owner,47000,57549
Hero Passion PRO i3s,35000,2016,Individual,1st owner,18000,54475
Honda Activa [2000-2015],15000,2006,Individual,1st owner,50000,50267
Bajaj Discover 125,50000,2018,Individual,1st owner,6000,60122
Suzuki Gixxer [2014-2018],69000,2017,Individual,1st owner,20000,82813
TVS Wego,15000,2011,Individual,1st owner,65000,54760
Bajaj Discover 150,25000,2008,Individual,1st owner,25000,54299
Suzuki Access 125 [2007-2016],30000,2012,Individual,1st owner,23000,58314
Hero Karizma 2014,45000,2014,Individual,1st owner,5555,86744
Hero CD Deluxe,35000,2016,Individual,1st owner,38000,
Yamaha Fazer 25,120000,2018,Individual,1st owner,6000,142680
Hero Splendor Plus,25000,2015,Individual,1st owner,45000,
Yamaha YZF R15 [2011-2018],80000,2017,Individual,1st owner,27000,118997
Hero Honda Splendor Plus,10000,2007,Individual,1st owner,98000,
TVS Apache RTR 160,70000,2018,Individual,1st owner,16000,
Bajaj Pulsar 150,35000,2011,Individual,1st owner,50000,
Hero Glamour 125,40000,2015,Individual,1st owner,71250,61600
Hero Honda Passion Plus,20000,2006,Individual,1st owner,28000,
Honda CB Twister,30000,2012,Individual,1st owner,50000,57241
Bajaj CT 100,8000,2005,Individual,2nd owner,82000,
Bajaj Pulsar 220 DTS-i,65000,2013,Individual,1st owner,6409,
Hero Honda Super Splendor [2005],20000,2008,Individual,1st owner,54000,
Honda CB Trigger,45000,2013,Individual,1st owner,20000,76572
Hero Hunk,35000,2013,Individual,1st owner,50000,78513
Bajaj Discover 150,25000,2011,Individual,1st owner,52000,54299
TVS Apache RTR 160,15000,2009,Individual,4th owner,880000,
Hero Xtreme Sports,65000,2017,Individual,1st owner,23000,78350
Bajaj Avenger [2015],45000,2011,Individual,1st owner,35000,75502
Honda Activa 125,45000,2017,Individual,1st owner,49000,
Bajaj Pulsar 220F,50000,2011,Individual,2nd owner,55000,
Bajaj Pulsar NS200,85000,2018,Individual,2nd owner,15100,
Hero Honda Splendor,25000,2008,Individual,1st owner,38000,
Honda CB Unicorn 150,60000,2017,Individual,1st owner,12652,74295
Suzuki Gixxer SF Fi,100000,2019,Individual,1st owner,7000,103170
KTM RC 200,180000,2019,Individual,2nd owner,13800,
Bajaj Discover 100,25000,2010,Individual,2nd owner,28000,42859
TVS Wego,15000,2011,Individual,2nd owner,20000,54760
Honda CB Hornet 160R,60000,2017,Individual,2nd owner,16008,92210
Yamaha YZF R15 S,75000,2018,Individual,1st owner,36000,117926
Hero CBZ,35000,2010,Individual,1st owner,36000,
TVS Scooty Zest 110,55000,2018,Individual,1st owner,380,53751
Yamaha FZ S V 2.0,85000,2018,Individual,1st owner,50000,87042
Hero Honda Glamour,35000,2012,Individual,1st owner,30000,
Hero Honda CBZ extreme,35000,2011,Individual,1st owner,35000,
Yamaha FZ S V 2.0,60000,2017,Individual,1st owner,14500,84042
Suzuki Access 125,40000,2017,Individual,1st owner,15000,
Bajaj Pulsar 150,30000,2010,Individual,1st owner,54000,
Bajaj Pulsar NS160,80000,2018,Individual,1st owner,11000,
Hero Splendor PRO,24000,2011,Individual,1st owner,43000,51994
Honda Shine,18000,2010,Individual,1st owner,15000,
Hero Passion Pro 110,20000,2008,Individual,3rd owner,40000,
Yamaha FZ16,40000,2016,Individual,1st owner,93000,78712
Suzuki Access 125,20000,2012,Individual,1st owner,24000,
TVS Jupiter,70000,2018,Individual,1st owner,14000,
Hero Passion Pro 110,50000,2019,Individual,1st owner,29442,
Yamaha FZ S V 2.0,75000,2017,Individual,1st owner,20000,84042
Honda Livo,25000,2015,Individual,1st owner,30000,
Honda CB Hornet 160R,70000,2017,Individual,1st owner,38000,87543
Honda Activa 125 [2016-2017],55000,2018,Individual,1st owner,18000,61545
Honda Activa 5G,51000,2018,Individual,1st owner,14000,59422
Yamaha Saluto,74000,2019,Individual,1st owner,13000,59844
Yamaha FZ S V 2.0,65000,2017,Individual,1st owner,42000,84042
Bajaj Avenger Street 150 [2018],60000,2016,Individual,2nd owner,27000,80435
Bajaj Pulsar 220F,110000,2019,Individual,1st owner,4000,
Yamaha YZF R15 [2011-2018],50000,2014,Individual,1st owner,1200,118997
TVS Apache RTR 160 4V,85009,2018,Individual,1st owner,7500,
Hero Passion Pro 110,60000,2013,Individual,1st owner,15000,
Bajaj Pulsar 150,25000,2013,Individual,2nd owner,70000,
TVS Apache RTR 160 4V,75000,2019,Individual,1st owner,12657,
Honda CB Unicorn 150,30000,2010,Individual,1st owner,69000,74295
Honda Activa [2000-2015],16600,2010,Individual,1st owner,100000,50267
Honda Activa 3G,30000,2015,Individual,1st owner,18000,54605
Honda Shine,20000,2007,Individual,1st owner,80000,
Honda Activa 5G,62000,2019,Individual,1st owner,11200,59422
Bajaj Avenger Street 220,60000,2016,Individual,1st owner,17000,95955
Hero Xtreme [2013-2014],45000,2014,Individual,1st owner,56420,72492
Yamaha FZ S [2012-2016],40000,2011,Individual,1st owner,82000,79432
Suzuki Intruder 150,75000,2018,Individual,1st owner,10000,
Yamaha Fazer [2009-2016],50000,2012,Individual,1st owner,100000,84751
Bajaj Pulsar RS 200,105000,2017,Individual,1st owner,18345,
Bajaj Discover 135,30000,2009,Individual,1st owner,20000,
Hero Honda CBZ,10000,2000,Individual,4th owner,48000,
Bajaj Pulsar 135 LS,45000,2014,Individual,1st owner,14000,64589
Yamaha Fazer 25,145000,2018,Individual,2nd owner,4100,142680
Honda CB Unicorn 150,45000,2016,Individual,2nd owner,50000,74295
Honda Activa 5G,65000,2019,Individual,1st owner,3025,59422
Bajaj Pulsar 135 LS,20000,2011,Individual,1st owner,60000,64589
Hero Duet,37000,2016,Individual,1st owner,6000,50280
Hero Splendor NXG,18000,2011,Individual,1st owner,35000,44814
Hero Glamour 125,25000,2013,Individual,1st owner,50000,61600
Honda Activa 5G,46000,2018,Individual,1st owner,10000,57557
Yamaha Fascino 110,55000,2019,Individual,1st owner,7000,57112
Bajaj V15,40000,2016,Individual,1st owner,34000,67187
Hero Honda Passion PRO [2012],25000,2012,Individual,2nd owner,20000,
Honda Activa [2000-2015],25000,2012,Individual,1st owner,38000,50267
Bajaj Xcd,15000,2008,Individual,1st owner,100000,
Bajaj Pulsar NS160,70000,2018,Individual,1st owner,20000,
Honda CB Hornet 160R,70000,2017,Individual,1st owner,240000,92210
Yamaha RXG,25000,1997,Individual,1st owner,45354,
TVS Streak,10000,2009,Individual,1st owner,100000,
Bajaj Pulsar RS 200,80000,2015,Individual,1st owner,32000,
Yamaha Alpha,25000,2015,Individual,2nd owner,14000,54253
Honda Livo,35000,2016,Individual,1st owner,70000,
Mahindra Gusto,25000,2016,Individual,1st owner,13500,51185
Bajaj Discover 125,26000,2012,Individual,1st owner,75000,57549
Hero Glamour 125,15000,2011,Individual,1st owner,75000,61600
Honda CB Unicorn 160,50000,2017,Individual,1st owner,52000,77545
Hero Pleasure,26500,2013,Individual,1st owner,18860,49600
Royal Enfield Classic 350,135000,2017,Individual,1st owner,2700,
Honda CB Hornet 160R,80000,2016,Individual,1st owner,100000,92661
Bajaj CT 100,30000,2016,Individual,1st owner,38500,
Yamaha FZ S V 2.0,90000,2018,Individual,1st owner,10500,87042
Bajaj Pulsar 180,85000,2016,Individual,1st owner,35000,85011
Hero Glamour 125,54000,2013,Individual,1st owner,17000,61600
Bajaj CT 100,42000,2019,Individual,1st owner,2900,
Bajaj Discover 100 T,25000,2014,Individual,1st owner,30000,47032
TVS Star City Plus,50000,2016,Individual,2nd owner,14000,
Honda CB Unicorn 150,55000,2014,Individual,1st owner,10000,74295
Hero Passion PRO TR,35000,2014,Individual,1st owner,9556,54586
Honda CB Shine SP,50000,2018,Individual,1st owner,37000,64750
Bajaj V15,45000,2015,Individual,1st owner,2700,65626
Bajaj V15,45000,2016,Individual,1st owner,36000,67187
Bajaj Discover 100,28000,2015,Individual,2nd owner,52000,42859
Royal Enfield Electra 4 S,80000,2013,Individual,1st owner,46000,
KTM 200 Duke,130000,2016,Individual,1st owner,12000,
Bajaj Pulsar 220F,120000,2019,Individual,1st owner,6500,
Suzuki GS150R,27000,2012,Individual,1st owner,14100,70851
Honda Shine,30000,2014,Individual,1st owner,40000,
Honda CB Unicorn Dazzler,50000,2010,Individual,1st owner,75000,71757
Honda Livo,45000,2018,Individual,1st owner,10000,
Honda Aviator,28000,2009,Individual,1st owner,29625,59183
Honda Activa [2000-2015],6000,2006,Individual,2nd owner,35000,50267
Hero Hunk,35000,2016,Individual,1st owner,32000,78513
Honda Activa 125,30000,2014,Individual,1st owner,20000,
Bajaj Discover 110,15000,2007,Individual,1st owner,70000,52710
Hero Xtreme [2013-2014],45000,2013,Individual,1st owner,57000,75936
TVS Victor GLX,18000,2005,Individual,1st owner,11000,
Bajaj Pulsar NS200,85000,2018,Individual,1st owner,17500,
Honda Aviator,30000,2014,Individual,1st owner,7000,59183
Bajaj Platina 100,40000,2018,Individual,1st owner,17500,
TVS Sport,34000,2018,Individual,1st owner,25000,
Hero Honda Passion Plus,8000,2003,Individual,1st owner,53500,
Bajaj V15,70000,2018,Individual,1st owner,15000,67187
Honda Dio,50000,2016,Individual,1st owner,8000,
Honda Dream Yuga,35000,2015,Individual,1st owner,39448,56147
Hero Honda Splendor Plus,20000,2006,Individual,1st owner,75000,
Bajaj Pulsar 150,50000,2012,Individual,1st owner,28000,
Bajaj Discover 135,37000,2008,Individual,1st owner,62000,
Honda Livo,69000,2018,Individual,1st owner,12000,
Hero Honda Splendor NXG,28000,2012,Individual,1st owner,49999,
Bajaj Discover 125,25000,2011,Individual,1st owner,70000,57549
Yamaha FZ V 2.0,60000,2018,Individual,1st owner,25000,81508
Yamaha SZ-S,50000,2014,Individual,1st owner,20000,72532
Royal Enfield Thunderbird 350,135000,2016,Individual,1st owner,4500,
Bajaj Discover 125 M,30000,2014,Individual,1st owner,45000,49146
Yamaha FZ S [2012-2016],60000,2014,Individual,1st owner,68000,79432
Honda Activa [2000-2015],23000,2009,Individual,1st owner,95000,50267
Bajaj Xcd,20000,2009,Individual,1st owner,16000,
Bajaj Avenger Street 160,80000,2019,Individual,1st owner,5000,
Royal Enfield Electra 5 S,99000,2006,Individual,2nd owner,36000,
TVS Apache RTR 200 4V,90000,2018,Individual,1st owner,70000,
Hero Honda Splendor Plus,20000,2005,Individual,1st owner,27370,
Hero Glamour 125,50000,2017,Individual,1st owner,8600,61600
TVS Victor GLX,27000,2002,Individual,1st owner,49000,
Honda Grazia,60000,2018,Individual,1st owner,16000,
Bajaj Pulsar 150 [2001-2011],12000,2007,Individual,2nd owner,100000,
Hero Xtreme 2014,50000,2014,Individual,1st owner,10000,72973
Hero Pleasure,20000,2012,Individual,2nd owner,30000,49600
Hero Passion XPro,45000,2018,Individual,1st owner,7000,58900
Hero Super Splendor,40000,2013,Individual,1st owner,68000,
Yamaha FZ S [2012-2016],45000,2016,Individual,2nd owner,20000,79432
Honda Activa [2000-2015],25000,2015,Individual,1st owner,25000,50267
Hero Glamour FI,75000,2019,Individual,1st owner,8900,71150
Hero Honda Passion Plus,25000,2007,Individual,1st owner,70000,
Hero Splendor Plus,25000,2006,Individual,2nd owner,40000,
Hero Xpulse 200,100000,2019,Individual,1st owner,8500,107500
Honda CB Unicorn 150,30000,2012,Individual,1st owner,32000,74295
Bajaj Discover 135,25000,2010,Individual,1st owner,55000,
Hero Honda Splendor,10000,2006,Individual,1st owner,75000,
Hero Honda CD Deluxe,25000,2008,Individual,3rd owner,65000,
Royal Enfield Electra Twinspark,120000,2016,Individual,1st owner,345000,
Honda Dream Neo,42000,2014,Individual,1st owner,21000,53415
Hero Maestro,30000,2013,Individual,1st owner,60000,49412
Honda CBR150 R,77000,2014,Individual,1st owner,38000,132513
Honda CB Unicorn Dazzler,25000,2011,Individual,1st owner,40000,71757
TVS Apache [2006],15000,2006,Individual,1st owner,40000,
Hero Passion XPro,25000,2013,Individual,1st owner,25000,59640
Honda Activa 5G,50000,2018,Individual,1st owner,25000,57957
Honda Activa i,30000,2014,Individual,1st owner,25000,53900
TVS Apache RTR 200 4V,125000,2019,Individual,1st owner,3000,
Hero Honda CBZ extreme,35000,2011,Individual,1st owner,28000,
Suzuki Gixxer [2014-2018],45000,2015,Individual,1st owner,40000,78316
Hero Xpulse 200,98000,2019,Individual,1st owner,8500,107500
Bajaj Pulsar 150,75000,2017,Individual,1st owner,30000,
Bajaj Pulsar AS150,55000,2017,Individual,2nd owner,20000,80821
Bajaj Platina 100,25000,2013,Individual,1st owner,30000,
Honda CB Twister,70000,2014,Individual,1st owner,12566,49150
Suzuki SlingShot,24000,2011,Individual,1st owner,17000,
TVS Apache RTR 160,70000,2018,Individual,1st owner,17000,
Bajaj V12,45000,2017,Individual,1st owner,35000,58906
Hero Karizma 2014,25000,2015,Individual,1st owner,40000,86744
Yamaha YZF R15 V3,170000,2019,Individual,1st owner,1400,146400
Yamaha Fascino 110,38000,2016,Individual,1st owner,37000,54500
Honda CB Unicorn 160,45000,2015,Individual,1st owner,15000,77545
Yamaha Gladiator,15000,2009,Individual,1st owner,46000,
Hero Honda Glamour,45000,2012,Individual,1st owner,75000,
Bajaj Discover 100,22000,2014,Individual,1st owner,14289,42859
Mahindra Gusto,30000,2015,Individual,2nd owner,20000,51185
Royal Enfield Thunderbird 350,100000,2012,Individual,1st owner,28000,
Royal Enfield Classic 350,100000,2014,Individual,1st owner,19000,
Bajaj Pulsar 150,60000,2017,Individual,1st owner,28450,
Royal Enfield Electra Twinspark,100000,2014,Individual,1st owner,31500,
Bajaj Pulsar 150,40000,2016,Individual,1st owner,28000,
Bajaj Pulsar 150,21000,2007,Individual,1st owner,100000,
Hero HF Deluxe,40000,2018,Individual,1st owner,16000,
Honda Activa [2000-2015],25000,2007,Individual,1st owner,17860,50267
Yamaha FZ S [2012-2016],45000,2015,Individual,1st owner,24000,79432
Bajaj Avenger Cruise 220,75000,2016,Individual,1st owner,10950,
Honda Dio,45000,2017,Individual,1st owner,35850,
Honda Activa i [2016-2017],35000,2016,Individual,1st owner,29000,53436
Royal Enfield Bullet 350 [2007-2011],60000,2001,Individual,2nd owner,4000,
Yamaha FZ V 2.0,60000,2016,Individual,1st owner,45420,81508
Royal Enfield Classic 350,130000,2018,Individual,2nd owner,35000,
Honda CB Shine SP,42000,2017,Individual,1st owner,19800,64750
Bajaj V15,76000,2018,Individual,1st owner,23000,65626
Hero CBZ,40000,2014,Individual,1st owner,35000,
Hero Splendor Plus,65000,2018,Individual,1st owner,7500,
Bajaj Discover 100 T,20000,2013,Individual,1st owner,20000,47032
Honda CB Hornet 160R,75000,2016,Individual,1st owner,72000,92661
Honda CB Hornet 160R,70000,2018,Individual,1st owner,7000,92661
TVS Apache RTR 160 4V,105000,2019,Individual,1st owner,6000,
Honda CB Shine SP,50000,2017,Individual,1st owner,34300,62317
Royal Enfield Classic 350,120000,2017,Individual,1st owner,7199,
Bajaj Pulsar 180,25000,2011,Individual,1st owner,43000,85011
TVS XL 100,30000,2017,Individual,1st owner,8000,30490
Hero Super Splendor,50000,2017,Individual,1st owner,9999,
Hero Honda CBZ extreme,25000,2007,Individual,1st owner,80000,
Bajaj Pulsar 180,50000,2014,Individual,1st owner,30000,85011
Bajaj Discover 150,35000,2015,Individual,1st owner,12000,54299
Bajaj Pulsar 180,30000,2009,Individual,1st owner,17500,85011
Honda Shine,37000,2016,Individual,1st owner,45000,
Honda CB Unicorn 150,42000,2013,Individual,1st owner,38000,74295
Royal Enfield Himalayan,119000,2016,Individual,1st owner,19800,
Kawasaki Ninja 650 [2018-2019],300000,2011,Individual,1st owner,12000,589000
Royal Enfield Classic 350,130000,1993,Individual,2nd owner,10000,
Hero Honda Passion Plus,22000,2008,Individual,2nd owner,85000,
Hero Honda Splendor Plus,15000,2007,Individual,1st owner,70000,
Benelli TNT 25,160000,2017,Individual,1st owner,2009,170994
Royal Enfield Thunderbird 500X,185000,2018,Individual,1st owner,1500,198605
Royal Enfield Continental GT [2013 - 2018],110000,2014,Individual,1st owner,12077,208902
KTM RC 200,150000,2017,Individual,1st owner,20000,
Royal Enfield Bullet 350 [2007-2011],150000,1995,Individual,3rd owner,20000,
Bajaj Pulsar 220F,45000,2011,Individual,1st owner,40000,
Bajaj Avenger Street 220,75000,2018,Individual,1st owner,12000,95955
Honda Activa 125 [2016-2017],50000,2017,Individual,1st owner,27000,61545
Honda Shine,30000,2013,Individual,1st owner,93000,
Bajaj Discover 150F,30000,2015,Individual,1st owner,12000,64071
Bajaj Pulsar 150 [2001-2011],22000,2011,Individual,1st owner,36000,
Hero Karizma ZMR,75000,2015,Individual,1st owner,11000,108000
Honda Dream Yuga,45000,2017,Individual,1st owner,26000,56147
Hero Glamour 125,35000,2014,Individual,1st owner,450000,61600
Honda Activa [2000-2015],35000,2012,Individual,1st owner,29000,50267
Bajaj CT 100,25000,2017,Individual,1st owner,45000,
Honda CB Hornet 160R,70000,2017,Individual,1st owner,13000,92210
Hero CD Dawn,10000,2005,Individual,1st owner,48000,
Royal Enfield Classic Gunmetal Grey,180000,2018,Individual,1st owner,5814,148114
Bajaj Discover 100,24000,2014,Individual,1st owner,31000,42859
Honda Shine,42000,2017,Individual,1st owner,25000,
TVS Max DLX,26000,2002,Individual,2nd owner,28000,
Honda Dio,60000,2018,Individual,1st owner,11000,
Bajaj Pulsar 180,72000,2017,Dealer,1st owner,7850,85011
Royal Enfield Thunderbird 350,120000,2015,Individual,1st owner,10000,
Royal Enfield Thunderbird 350,59000,2005,Individual,2nd owner,40000,
Royal Enfield Classic Chrome,185000,2015,Individual,2nd owner,5000,189313
Royal Enfield Classic Gunmetal Grey,140000,2018,Individual,1st owner,14000,148114
KTM 390 Duke,205000,2018,Individual,1st owner,7500,
Hero Pleasure [2005-2015],30000,2013,Individual,1st owner,25000,46779
TVS Victor,18000,2004,Individual,1st owner,46700,54852
Bajaj Pulsar 150,35000,2011,Individual,1st owner,12000,
KTM RC 200,185000,2019,Individual,1st owner,6000,
Kawasaki Ninja 300,300000,2016,Individual,1st owner,9800,360000
Honda Dream Yuga,30000,2015,Individual,2nd owner,46070,56147
Bajaj Pulsar 150,35000,2009,Individual,1st owner,14500,
Bajaj Pulsar 150 [2001-2011],35000,2008,Individual,1st owner,70000,
Hero Honda Passion Plus,25000,2008,Dealer,2nd owner,100000,
Yamaha YZF R15 [2011-2018],80000,2013,Dealer,1st owner,30000,118997
Hero Honda Splendor Plus,20000,2004,Individual,2nd owner,127000,
Hero Karizma ZMR,43000,2012,Individual,2nd owner,63000,108000
Hero Honda Splendor Plus,20000,2010,Individual,2nd owner,30000,
Yo Style,20000,2011,Individual,1st owner,10000,37675
Hero Splendor iSmart,40000,2015,Individual,1st owner,10000,52271
Hero Super Splendor,30000,2011,Individual,1st owner,89000,
Bajaj Discover 100,21000,2009,Individual,1st owner,50000,42859
Yamaha Fazer [2009-2016],35000,2011,Individual,1st owner,15500,84751
Bajaj Discover 125,23000,2011,Individual,1st owner,66000,57549
Hero Super Splendor,40000,2017,Individual,2nd owner,80000,
Honda Shine,40000,2011,Individual,1st owner,8600,
Bajaj Discover 125 M,45000,2014,Individual,1st owner,40000,47186
Bajaj Avenger Street 150 [2018],60000,2016,Individual,1st owner,25000,80435
Yamaha Fazer [2009-2016],40000,2013,Individual,1st owner,34500,84751
Hero Passion X Pro [2016-2017],42000,2016,Individual,1st owner,15500,59095
Honda Activa [2000-2015],18000,2011,Individual,1st owner,28000,50267
TVS Star City,15000,2006,Individual,1st owner,40000,46575
Hero Honda Hunk,45000,2013,Individual,1st owner,40000,
TVS Star City,25000,2016,Individual,1st owner,50000,47108
Bajaj Pulsar 150,70000,2017,Individual,1st owner,24000,
Bajaj Discover 100,23000,2012,Individual,1st owner,50000,42859
TVS Victor,10000,2005,Individual,1st owner,55000,54852
Hero Honda Splendor Plus,25000,2012,Individual,1st owner,70000,
Honda Aviator,25000,2012,Individual,2nd owner,12000,59183
Bajaj Pulsar 180,50000,2010,Individual,1st owner,70000,85011
Bajaj Avenger [2015],60000,2015,Individual,2nd owner,16000,75502
Hero CD Dawn,35000,2014,Individual,1st owner,38000,
Hero Maestro,50000,2016,Individual,1st owner,100000,49412
Honda CB Shine SP,50000,2016,Individual,1st owner,45000,64750
Hero Honda CD Deluxe,25500,2012,Individual,1st owner,28990,
Hero Honda Hunk,35000,2010,Individual,1st owner,13000,
Hero Honda CD Deluxe,20000,2005,Individual,1st owner,15000,
Honda Activa 3G,40000,2016,Individual,1st owner,60000,54605
Bajaj Pulsar 135 LS,45000,2017,Individual,1st owner,22000,64589
Bajaj Pulsar 150 [2001-2011],30000,2008,Individual,1st owner,19500,
Hero Pleasure,30000,2013,Individual,1st owner,25000,49600
Hero Honda CBZ extreme,30000,2011,Individual,3rd owner,70000,
Bajaj Pulsar 150,40000,2014,Individual,2nd owner,65000,
Honda CB Twister,25000,2012,Individual,1st owner,86000,53857
Honda Livo,45000,2017,Individual,1st owner,30000,
Bajaj Pulsar AS200,65000,2015,Individual,1st owner,33000,92074
Honda Activa 3G,40000,2015,Individual,1st owner,36000,54605
Hero Honda Hunk,40000,2010,Individual,1st owner,41000,
Honda CB Hornet 160R,70000,2017,Individual,1st owner,28000,83340
Hero HF Deluxe,35000,2018,Individual,1st owner,15000,
Hero Splendor PRO,35000,2015,Individual,1st owner,35280,51994
Bajaj Boxer,15000,2004,Individual,1st owner,18000,
Royal Enfield Electra 5 S,99000,2012,Individual,1st owner,28000,
Royal Enfield Electra 5 S,90000,2012,Individual,1st owner,40000,
Hero Honda Hunk,20000,2010,Individual,1st owner,17000,
Hero Ignitor,36000,2016,Individual,1st owner,23000,65599
Bajaj Discover 100 M,32000,2014,Individual,1st owner,30000,44756
Honda Activa 3G,50000,2016,Individual,1st owner,6000,54605
Bajaj Pulsar 135 LS,50000,2015,Individual,1st owner,48000,64589
Bajaj Pulsar 220 DTS-i,60000,2014,Individual,1st owner,16000,
Hero Honda CBZ extreme,40000,2009,Individual,1st owner,50000,
Hero Honda CBZ extreme,35000,2012,Individual,1st owner,60000,
Royal Enfield Thunder 500,175000,2018,Individual,1st owner,3000,190000
UM Renegade Mojave,170000,2019,Individual,1st owner,1400,182000
KTM RC200,165000,2019,Individual,1st owner,4000,178000
Bajaj Dominar 400,145000,2019,Individual,1st owner,1200,160000
Royal Enfield Classic 350,135000,2019,Individual,1st owner,4100,147000
KTM RC390,135000,2017,Individual,1st owner,21700,237000
Hyosung GT250R,135000,2016,Individual,2nd owner,16500,345000
Royal Enfield Thunder 350,125000,2015,Individual,1st owner,15000,150000
Royal Enfield Thunder 350,120000,2018,Individual,1st owner,18000,150000
Royal Enfield Classic 350,120000,2019,Individual,1st owner,11000,147000
KTM RC200,120000,2018,Individual,1st owner,6000,178000
Royal Enfield Thunder 350,115000,2018,Individual,1st owner,8700,150000
KTM 390 Duke ,115000,2016,Individual,1st owner,7000,240000
Mahindra Mojo XT300,115000,2018,Individual,1st owner,35000,140000
Royal Enfield Classic 350,115000,2017,Individual,1st owner,17000,147000
Royal Enfield Classic 350,111000,2017,Individual,1st owner,17500,147000
Royal Enfield Classic 350,110000,2015,Individual,1st owner,33000,147000
Royal Enfield Thunder 500,110000,2017,Individual,1st owner,14000,190000
Royal Enfield Classic 350,110000,2017,Individual,1st owner,26000,147000
Royal Enfield Thunder 500,105000,2015,Individual,1st owner,5400,190000
Bajaj Pulsar RS200,105000,2018,Individual,1st owner,5700,126000
Royal Enfield Thunder 350,105000,2013,Individual,1st owner,6900,150000
Royal Enfield Bullet 350,105000,2018,Individual,1st owner,6000,117000
Royal Enfield Classic 350,100000,2015,Individual,1st owner,46500,147000
Royal Enfield Classic 500,95000,2014,Individual,1st owner,11500,175000
Royal Enfield Classic 500,90000,2011,Individual,1st owner,40000,175000
Bajaj Avenger 220,90000,2019,Individual,1st owner,1300,95000
Bajaj Avenger 150,75000,2018,Individual,1st owner,7000,80000
Honda CB Hornet 160R,80000,2019,Individual,1st owner,3000,87000
Yamaha FZ S V 2.0,78000,2019,Individual,1st owner,5000,84000
Honda CB Hornet 160R,75000,2019,Individual,1st owner,11000,87000
Yamaha FZ 16,75000,2017,Individual,1st owner,18000,82000
Bajaj Avenger 220,75000,2019,Individual,1st owner,3500,95000
Bajaj Avenger 220,72000,2018,Individual,1st owner,500,95000
TVS Apache RTR 160,65000,2019,Individual,1st owner,11800,81000
Bajaj Pulsar 150,65000,2017,Individual,1st owner,5000,74000
Honda CBR 150,65000,2016,Individual,1st owner,23500,120000
Hero Extreme,65000,2015,Individual,1st owner,16000,78700
Honda CB Hornet 160R,60000,2018,Individual,1st owner,15000,87000
Bajaj Avenger 220 dtsi,60000,2017,Individual,1st owner,16600,95000
Honda CBR 150,60000,2015,Individual,1st owner,32000,120000
Bajaj Avenger 150 street,60000,2018,Individual,1st owner,20000,80000
Yamaha FZ  v 2.0,60000,2017,Individual,1st owner,29000,84000
Yamaha FZ  v 2.0,60000,2018,Individual,1st owner,25000,84000
Bajaj Pulsar  NS 200,60000,2016,Individual,1st owner,25000,99000
TVS Apache RTR 160,60000,2014,Individual,1st owner,19000,81000
Hero Extreme,55000,2016,Individual,1st owner,15000,78700
Yamaha FZ S V 2.0,55000,2017,Individual,1st owner,58000,84000
Bajaj Pulsar 220 F,52000,2012,Individual,1st owner,45000,94000
Bajaj Pulsar 220 F,51000,2018,Individual,1st owner,24000,94000
TVS Apache RTR 180,50000,2013,Individual,1st owner,6000,82600
Hero Passion X pro,50000,2018,Individual,1st owner,31000,55000
Bajaj Pulsar NS 200,50000,2014,Individual,1st owner,13000,99000
Bajaj Pulsar NS 200,50000,2015,Individual,1st owner,45000,99000
Yamaha Fazer ,50000,2016,Individual,1st owner,8000,88000
Honda Activa 4G,48000,2019,Individual,1st owner,4300,51000
TVS Sport ,48000,2019,Individual,1st owner,15000,52000
Yamaha FZ S V 2.0,48000,2017,Individual,1st owner,23000,84000
Honda Dream Yuga ,48000,2019,Individual,1st owner,8600,54000
Honda Activa 4G,45000,2019,Individual,1st owner,4000,51000
Bajaj Avenger Street 220,45000,2013,Individual,1st owner,24000,95000
TVS Apache RTR 180,45000,2016,Individual,1st owner,23000,82600
Bajaj Pulsar NS 200,45000,2014,Individual,1st owner,14500,99000
Bajaj Avenger 220 dtsi,45000,2012,Individual,1st owner,27000,95000
Hero Splender iSmart,45000,2018,Individual,1st owner,14000,54000
Activa 3g,45000,2018,Individual,1st owner,500,54000
Hero Passion Pro,45000,2018,Individual,1st owner,1000,55000
TVS Apache RTR 160,42000,2016,Individual,1st owner,42000,81000
Honda CB Trigger,42000,2015,Individual,1st owner,12000,73000
Hero Splender iSmart,40000,2017,Individual,1st owner,14000,54000
Yamaha FZ S ,40000,2014,Individual,1st owner,5500,83000
Hero Passion Pro,40000,2017,Individual,1st owner,6700,55000
Bajaj Pulsar 135 LS,40000,2016,Individual,1st owner,13700,64000
Activa 4g,40000,2019,Individual,1st owner,1300,51000
Honda CB Unicorn,38000,2017,Individual,1st owner,38600,72000
Hero Honda CBZ extreme,38000,2013,Individual,1st owner,75000,78700
Honda Karizma,35000,2013,Individual,1st owner,30000,105000
Honda Activa 125,35000,2018,Individual,1st owner,24000,57000
TVS Jupyter,35000,2016,Individual,1st owner,19000,52000
Honda Karizma,31000,2012,Individual,1st owner,213000,105000
Hero Honda Passion Pro,30000,2014,Individual,1st owner,60000,51000
Hero Splender Plus,30000,2018,Individual,1st owner,50000,48000
Honda CB Shine,30000,2015,Individual,1st owner,30000,58000
Bajaj Discover 100,27000,2015,Individual,1st owner,21000,47000
Bajaj Pulsar 150,25000,2010,Individual,2nd owner,26000,75000
Suzuki Access 125,25000,2010,Individual,1st owner,1900,58000
TVS Wego,25000,2012,Individual,1st owner,22000,52000
Honda CB twister,25000,2015,Individual,1st owner,32000,51000
Hero Glamour,25000,2015,Individual,1st owner,18000,57000
Hero Super Splendor,20000,2007,Individual,1st owner,55000,57000
Bajaj Pulsar 150,20000,2010,Individual,1st owner,60000,75000
Bajaj Discover 125,20000,2014,Individual,2nd owner,25000,57000
Hero Hunk,20000,2009,Individual,2nd owner,49000,75000
Hero  Ignitor Disc,20000,2015,Individual,2nd owner,24000,65000
Hero  CBZ Xtreme,20000,2010,Individual,1st owner,50000,78700
Bajaj  ct 100,18000,2017,Individual,1st owner,35000,32000
Activa 3g,17000,2010,Individual,1st owner,500000,52000
Honda CB twister,16000,2012,Individual,1st owner,33000,51000
Bajaj Discover 125,15000,2013,Individual,2nd owner,35000,57000
Honda CB Shine,12000,2009,Individual,1st owner,53000,58000
Bajaj Pulsar 150,10000,2008,Individual,1st owner,92233,75000
